{"body_keypoints": [[[75.64080810546875, 63.70081329345703, 0.31306374073028564], [74.35919189453125, 71.77362060546875, 0.24656540155410767], [68.53913879394531, 71.45068359375, 0.20835807919502258], [0.0, 0.0, 0.0], [0.0, 0.0, 0.0], [81.76852416992188, 72.09638977050781, 0.14163810014724731], [0.0, 0.0, 0.0], [0.0, 0.0, 0.0], [76.28641510009766, 91.4417953491211, 0.05565258860588074], [0.0, 0.0, 0.0], [0.0, 0.0, 0.0], [0.0, 0.0, 0.0], [0.0, 0.0, 0.0], [0.0, 0.0, 0.0], [0.0, 0.0, 0.0], [74.03727722167969, 61.775596618652344, 0.3468534052371979], [76.60909271240234, 62.096065521240234, 0.3359476923942566], [71.76904296875, 63.375980377197266, 0.23092499375343323], [78.86474609375, 63.38822555541992, 0.15146039426326752], [0.0, 0.0, 0.0], [0.0, 0.0, 0.0], [0.0, 0.0, 0.0], [0.0, 0.0, 0.0], [0.0, 0.0, 0.0], [0.0, 0.0, 0.0]]], "time_stamps": [26.28097176551819]}