{"body_keypoints": [[[143.38490295410156, 16.958845138549805, 0.10868701338768005], [143.67176818847656, 21.770645141601562, 0.39749279618263245], [141.0887451171875, 21.452009201049805, 0.23500287532806396], [138.52989196777344, 25.975603103637695, 0.14381854236125946], [138.2113800048828, 30.501142501831055, 0.08724161982536316], [146.25265502929688, 22.091506958007812, 0.2661227285861969], [148.50009155273438, 27.58831787109375, 0.15195302665233612], [148.18246459960938, 33.080928802490234, 0.09090364724397659], [142.71543884277344, 32.76694107055664, 0.26060712337493896], [141.09864807128906, 33.068695068359375, 0.2475346177816391], [141.09596252441406, 42.42868423461914, 0.1217363253235817], [142.06968688964844, 53.07575988769531, 0.08398503065109253], [143.6877899169922, 32.768516540527344, 0.2623966336250305], [141.1136016845703, 42.41969299316406, 0.12483338266611099], [143.0355682373047, 53.078739166259766, 0.0945664495229721], [143.3762664794922, 16.626678466796875, 0.09280113875865936], [143.3959197998047, 15.986045837402344, 0.088021419942379], [0.0, 0.0, 0.0], [0.0, 0.0, 0.0], [141.1011199951172, 53.71146774291992, 0.10241101682186127], [141.7498779296875, 54.03898239135742, 0.09494506567716599], [143.34744262695312, 53.38654327392578, 0.12124105542898178], [140.45729064941406, 54.995819091796875, 0.07209646701812744], [0.0, 0.0, 0.0], [141.75238037109375, 53.380332946777344, 0.10833268612623215]]], "time_stamps": [29.768839120864868]}