{"body_keypoints": [[[0.0, 0.0, 0.0], [15.013174057006836, 12.435823440551758, 0.7870766520500183], [18.24362564086914, 13.394773483276367, 0.649236798286438], [19.53801918029785, 19.5227108001709, 0.644923985004425], [19.846054077148438, 23.717872619628906, 0.5349559783935547], [12.102203369140625, 12.129799842834473, 0.7704823017120361], [10.498818397521973, 18.55670928955078, 0.5828866958618164], [10.17995834350586, 23.721574783325195, 0.5835713148117065], [14.694107055664062, 23.719104766845703, 0.712957501411438], [16.954212188720703, 23.723262786865234, 0.6442632675170898], [16.949491500854492, 32.40949249267578, 0.6608303189277649], [16.955345153808594, 40.15920639038086, 0.5048052072525024], [12.749445915222168, 23.713726043701172, 0.6642217636108398], [12.751505851745605, 32.4151496887207, 0.6547486186027527], [15.337729454040527, 37.92717361450195, 0.5668085217475891], [0.0, 0.0, 0.0], [0.0, 0.0, 0.0], [16.612388610839844, 7.6000590324401855, 0.32555603981018066], [14.048934936523438, 7.280150890350342, 0.368170827627182], [15.014485359191895, 43.0623779296875, 0.486183762550354], [14.688650131225586, 42.737674713134766, 0.44578418135643005], [16.620691299438477, 39.51694107055664, 0.5334975719451904], [15.654189109802246, 43.08341979980469, 0.3892520070075989], [16.949804306030273, 43.07232666015625, 0.3681294322013855], [17.277326583862305, 40.4975700378418, 0.4314778447151184]]], "time_stamps": [46.82383918762207]}