{"body_keypoints": [[[81.7737808227539, 54.03483963012695, 0.28094232082366943], [81.44373321533203, 63.3791618347168, 0.3159428536891937], [74.6734619140625, 62.10013198852539, 0.26460981369018555], [0.0, 0.0, 0.0], [0.0, 0.0, 0.0], [88.861328125, 63.71084213256836, 0.20676548779010773], [0.0, 0.0, 0.0], [0.0, 0.0, 0.0], [0.0, 0.0, 0.0], [0.0, 0.0, 0.0], [0.0, 0.0, 0.0], [0.0, 0.0, 0.0], [0.0, 0.0, 0.0], [0.0, 0.0, 0.0], [0.0, 0.0, 0.0], [80.7988510131836, 52.73749542236328, 0.2810651361942291], [83.70753479003906, 52.7396354675293, 0.2968861758708954], [78.54576873779297, 53.385101318359375, 0.23056796193122864], [86.28773498535156, 53.7093391418457, 0.2345460206270218], [0.0, 0.0, 0.0], [0.0, 0.0, 0.0], [0.0, 0.0, 0.0], [0.0, 0.0, 0.0], [0.0, 0.0, 0.0], [0.0, 0.0, 0.0]]], "time_stamps": [29.018593788146973]}