{"body_keypoints": [[[86.93006896972656, 53.38828659057617, 0.1536756455898285], [91.76238250732422, 66.29255676269531, 0.1936866194009781], [76.28780364990234, 68.22306060791016, 0.13754971325397491], [0.0, 0.0, 0.0], [0.0, 0.0, 0.0], [106.9251708984375, 64.03434753417969, 0.14237946271896362], [0.0, 0.0, 0.0], [0.0, 0.0, 0.0], [0.0, 0.0, 0.0], [0.0, 0.0, 0.0], [0.0, 0.0, 0.0], [0.0, 0.0, 0.0], [0.0, 0.0, 0.0], [0.0, 0.0, 0.0], [0.0, 0.0, 0.0], [84.02234649658203, 51.77464294433594, 0.16717946529388428], [89.50418853759766, 49.51861572265625, 0.18914763629436493], [79.83488464355469, 53.06295394897461, 0.15676967799663544], [95.63375091552734, 49.52062225341797, 0.20692169666290283], [0.0, 0.0, 0.0], [0.0, 0.0, 0.0], [0.0, 0.0, 0.0], [0.0, 0.0, 0.0], [0.0, 0.0, 0.0], [0.0, 0.0, 0.0]]], "time_stamps": [10.699269533157349]}