{"body_keypoints": [[[86.60508728027344, 47.26554489135742, 0.28759413957595825], [84.35318756103516, 54.0341682434082, 0.3226899802684784], [79.18777465820312, 53.05416488647461, 0.3138304650783539], [73.38077545166016, 60.47981262207031, 0.08153636008501053], [0.0, 0.0, 0.0], [89.8327407836914, 55.65031433105469, 0.21487562358379364], [90.15150451660156, 64.02799224853516, 0.06739262491464615], [0.0, 0.0, 0.0], [81.12457275390625, 70.47822570800781, 0.09360533207654953], [76.60853576660156, 69.19475555419922, 0.10459412634372711], [0.0, 0.0, 0.0], [0.0, 0.0, 0.0], [86.6046142578125, 71.76856231689453, 0.07988062500953674], [0.0, 0.0, 0.0], [0.0, 0.0, 0.0], [85.31804656982422, 45.65180969238281, 0.2941952049732208], [87.24872589111328, 45.967166900634766, 0.2690361440181732], [83.3765640258789, 46.61344528198242, 0.2154952585697174], [89.18482208251953, 47.577972412109375, 0.15334762632846832], [0.0, 0.0, 0.0], [0.0, 0.0, 0.0], [0.0, 0.0, 0.0], [0.0, 0.0, 0.0], [0.0, 0.0, 0.0], [0.0, 0.0, 0.0]]], "time_stamps": [8.540141582489014]}