{"body_keypoints": [[[0.0, 0.0, 0.0], [122.39888763427734, 16.939672470092773, 0.5561910271644592], [123.04640197753906, 16.962005615234375, 0.40937569737434387], [123.02940368652344, 22.758928298950195, 0.2052132487297058], [122.73827362060547, 28.876739501953125, 0.18571095168590546], [120.47876739501953, 16.937889099121094, 0.3593713045120239], [0.0, 0.0, 0.0], [0.0, 0.0, 0.0], [120.48967742919922, 27.60073471069336, 0.4439212679862976], [122.39098358154297, 27.91175079345703, 0.38704127073287964], [123.05750274658203, 33.71709060668945, 0.15312349796295166], [124.6526870727539, 41.45296096801758, 0.1651904135942459], [120.1361083984375, 27.59100914001465, 0.4181583523750305], [117.5462417602539, 35.019020080566406, 0.23046641051769257], [114.96994018554688, 44.36602020263672, 0.30405208468437195], [0.0, 0.0, 0.0], [0.0, 0.0, 0.0], [123.05733489990234, 12.130280494689941, 0.12161676585674286], [122.740478515625, 12.137152671813965, 0.0732547864317894], [115.3052749633789, 45.64542007446289, 0.31476637721061707], [114.99419403076172, 45.33628845214844, 0.29280000925064087], [114.66747283935547, 45.004512786865234, 0.33737751841545105], [125.31404876708984, 42.42103576660156, 0.23044025897979736], [125.30384063720703, 42.729373931884766, 0.22986893355846405], [123.69683074951172, 42.094573974609375, 0.19624124467372894]]], "time_stamps": [20.221431493759155]}