{"body_keypoints": [[[87.89396667480469, 50.48221969604492, 0.2307077944278717], [89.19205474853516, 62.74102020263672, 0.2919246554374695], [79.51628112792969, 61.4515380859375, 0.2583507001399994], [73.0626449584961, 76.60975646972656, 0.06110575422644615], [0.0, 0.0, 0.0], [99.1837158203125, 63.712562561035156, 0.15064175426959991], [0.0, 0.0, 0.0], [0.0, 0.0, 0.0], [84.34712219238281, 88.21798706054688, 0.05616917833685875], [78.86258697509766, 87.57357025146484, 0.061440594494342804], [0.0, 0.0, 0.0], [0.0, 0.0, 0.0], [0.0, 0.0, 0.0], [0.0, 0.0, 0.0], [0.0, 0.0, 0.0], [86.60332489013672, 47.91288375854492, 0.24154695868492126], [91.12202453613281, 48.231475830078125, 0.23260214924812317], [83.7034683227539, 49.193660736083984, 0.1524035632610321], [94.99238586425781, 50.159217834472656, 0.21146848797798157], [0.0, 0.0, 0.0], [0.0, 0.0, 0.0], [0.0, 0.0, 0.0], [0.0, 0.0, 0.0], [0.0, 0.0, 0.0], [0.0, 0.0, 0.0]]], "time_stamps": [13.082750797271729]}