{"body_keypoints": [[[0.0, 0.0, 0.0], [0.0, 0.0, 0.0], [0.0, 0.0, 0.0], [0.0, 0.0, 0.0], [0.0, 0.0, 0.0], [0.0, 0.0, 0.0], [0.0, 0.0, 0.0], [0.0, 0.0, 0.0], [136.9172821044922, 4.3756632804870605, 0.4457795321941376], [140.7911834716797, 4.697906970977783, 0.3728516697883606], [141.1084442138672, 17.59453773498535, 0.6086253523826599], [136.5888214111328, 30.173582077026367, 0.35489508509635925], [133.36891174316406, 4.379286289215088, 0.4286739230155945], [135.29574584960938, 18.87938690185547, 0.594838559627533], [134.97579956054688, 32.427734375, 0.4551864564418793], [0.0, 0.0, 0.0], [0.0, 0.0, 0.0], [0.0, 0.0, 0.0], [0.0, 0.0, 0.0], [134.66065979003906, 35.00771713256836, 0.1890260875225067], [133.6883087158203, 35.008758544921875, 0.19549183547496796], [134.6531982421875, 34.6839485168457, 0.4322143793106079], [135.94085693359375, 34.68593978881836, 0.1852455735206604], [0.0, 0.0, 0.0], [135.63308715820312, 32.746246337890625, 0.2825172543525696]], [[0.0, 0.0, 0.0], [0.0, 0.0, 0.0], [0.0, 0.0, 0.0], [0.0, 0.0, 0.0], [0.0, 0.0, 0.0], [0.0, 0.0, 0.0], [0.0, 0.0, 0.0], [0.0, 0.0, 0.0], [138.5421905517578, 4.043903350830078, 0.5085852742195129], [143.358154296875, 4.054430961608887, 0.4118309020996094], [143.04795837402344, 17.590129852294922, 0.5305088758468628], [140.45989990234375, 32.42256546020508, 0.6116440296173096], [135.29983520507812, 4.040998458862305, 0.45378541946411133], [135.623046875, 18.558439254760742, 0.6362298130989075], [135.30018615722656, 32.43338394165039, 0.6413581967353821], [0.0, 0.0, 0.0], [0.0, 0.0, 0.0], [0.0, 0.0, 0.0], [0.0, 0.0, 0.0], [136.60057067871094, 34.992733001708984, 0.14124718308448792], [134.66207885742188, 34.042938232421875, 0.11819630116224289], [134.3316650390625, 34.686622619628906, 0.6055196523666382], [143.37107849121094, 33.08046340942383, 0.3567374348640442], [143.36585998535156, 34.04454040527344, 0.4352559447288513], [138.84523010253906, 34.67613220214844, 0.54217129945755]]], "time_stamps": [18.357616186141968, 18.4611234664917]}