{"body_keypoints": [[[86.28339385986328, 50.484405517578125, 0.23046284914016724], [84.0175552368164, 56.615394592285156, 0.3087380826473236], [77.89969635009766, 55.63716125488281, 0.25060421228408813], [74.02911376953125, 64.35456085205078, 0.0616031140089035], [0.0, 0.0, 0.0], [90.15441131591797, 58.229671478271484, 0.20579802989959717], [0.0, 0.0, 0.0], [0.0, 0.0, 0.0], [80.80284881591797, 72.41647338867188, 0.07070004940032959], [0.0, 0.0, 0.0], [0.0, 0.0, 0.0], [0.0, 0.0, 0.0], [0.0, 0.0, 0.0], [0.0, 0.0, 0.0], [0.0, 0.0, 0.0], [84.66804504394531, 48.553741455078125, 0.24426645040512085], [86.93854522705078, 49.192901611328125, 0.23574717342853546], [82.0980453491211, 49.19913864135742, 0.20180948078632355], [89.17625427246094, 50.48143005371094, 0.155419260263443], [0.0, 0.0, 0.0], [0.0, 0.0, 0.0], [0.0, 0.0, 0.0], [0.0, 0.0, 0.0], [0.0, 0.0, 0.0], [0.0, 0.0, 0.0]]], "time_stamps": [8.275307893753052]}