{"body_keypoints": [[[104.67516326904297, 68.21280670166016, 0.4188573658466339], [102.08332061767578, 76.60753631591797, 0.22079256176948547], [94.34844970703125, 75.95611572265625, 0.1717401146888733], [0.0, 0.0, 0.0], [0.0, 0.0, 0.0], [109.82038879394531, 78.22019958496094, 0.12889961898326874], [0.0, 0.0, 0.0], [0.0, 0.0, 0.0], [0.0, 0.0, 0.0], [0.0, 0.0, 0.0], [0.0, 0.0, 0.0], [0.0, 0.0, 0.0], [0.0, 0.0, 0.0], [0.0, 0.0, 0.0], [0.0, 0.0, 0.0], [103.0569839477539, 65.64665222167969, 0.4007376432418823], [106.91641235351562, 65.97578430175781, 0.44748353958129883], [99.83802795410156, 65.96241760253906, 0.20697474479675293], [109.49298858642578, 67.25659942626953, 0.1691589206457138], [0.0, 0.0, 0.0], [0.0, 0.0, 0.0], [0.0, 0.0, 0.0], [0.0, 0.0, 0.0], [0.0, 0.0, 0.0], [0.0, 0.0, 0.0]], [[104.97653198242188, 68.21232604980469, 0.383002907037735], [101.76707458496094, 76.29143524169922, 0.18751005828380585], [94.02660369873047, 75.96009826660156, 0.14771316945552826], [0.0, 0.0, 0.0], [0.0, 0.0, 0.0], [108.85595703125, 76.61369323730469, 0.09933740645647049], [0.0, 0.0, 0.0], [0.0, 0.0, 0.0], [0.0, 0.0, 0.0], [0.0, 0.0, 0.0], [0.0, 0.0, 0.0], [0.0, 0.0, 0.0], [0.0, 0.0, 0.0], [0.0, 0.0, 0.0], [0.0, 0.0, 0.0], [103.37210083007812, 65.64441680908203, 0.35878315567970276], [106.92257690429688, 66.27830505371094, 0.3833736479282379], [99.83029174804688, 65.64582824707031, 0.1955617070198059], [109.17887878417969, 67.26001739501953, 0.12819433212280273], [0.0, 0.0, 0.0], [0.0, 0.0, 0.0], [0.0, 0.0, 0.0], [0.0, 0.0, 0.0], [0.0, 0.0, 0.0], [0.0, 0.0, 0.0]], [[104.97811889648438, 68.22093963623047, 0.4246981739997864], [102.09455871582031, 76.60357666015625, 0.21384777128696442], [94.67044830322266, 75.96590423583984, 0.15467515587806702], [0.0, 0.0, 0.0], [0.0, 0.0, 0.0], [109.82704162597656, 77.25505828857422, 0.11955835670232773], [0.0, 0.0, 0.0], [0.0, 0.0, 0.0], [0.0, 0.0, 0.0], [0.0, 0.0, 0.0], [0.0, 0.0, 0.0], [0.0, 0.0, 0.0], [0.0, 0.0, 0.0], [0.0, 0.0, 0.0], [0.0, 0.0, 0.0], [103.37703704833984, 65.64322662353516, 0.3972936272621155], [107.23255157470703, 66.2824935913086, 0.40964144468307495], [100.15416717529297, 65.64309692382812, 0.1831972599029541], [109.5052261352539, 67.5807113647461, 0.15334556996822357], [0.0, 0.0, 0.0], [0.0, 0.0, 0.0], [0.0, 0.0, 0.0], [0.0, 0.0, 0.0], [0.0, 0.0, 0.0], [0.0, 0.0, 0.0]]], "time_stamps": [14.268584251403809, 14.321352005004883, 14.482641458511353]}