{"body_keypoints": [[[0.0, 0.0, 0.0], [21.784473419189453, 16.62589454650879, 0.5240569114685059], [24.369598388671875, 16.610410690307617, 0.3573911190032959], [27.261545181274414, 22.444061279296875, 0.197581484913826], [26.943084716796875, 27.592443466186523, 0.13544465601444244], [18.561660766601562, 16.959766387939453, 0.4064141511917114], [17.25484848022461, 23.077476501464844, 0.3168664872646332], [17.594308853149414, 28.881729125976562, 0.22717130184173584], [22.43319320678711, 27.9167423248291, 0.4316146671772003], [24.69039535522461, 27.597585678100586, 0.3951126039028168], [25.025146484375, 36.94287109375, 0.31492897868156433], [28.88134765625, 46.292423248291016, 0.21796397864818573], [20.18498420715332, 28.550962448120117, 0.3860996961593628], [20.174652099609375, 37.26225280761719, 0.38420671224594116], [21.771602630615234, 45.96538162231445, 0.3530517518520355], [0.0, 0.0, 0.0], [0.0, 0.0, 0.0], [0.0, 0.0, 0.0], [19.53124237060547, 11.456298828125, 0.10125544667243958], [21.46030044555664, 46.620967864990234, 0.3137601912021637], [20.822002410888672, 46.9402961730957, 0.29596176743507385], [21.781696319580078, 46.9392204284668, 0.39289602637290955], [28.877838134765625, 48.551971435546875, 0.17918948829174042], [29.51332664489746, 48.229103088378906, 0.18854384124279022], [28.88038444519043, 47.262481689453125, 0.21954762935638428]], [[0.0, 0.0, 0.0], [0.0, 0.0, 0.0], [3.7221665382385254, 8.888195991516113, 0.4179052710533142], [4.024654865264893, 14.049853324890137, 0.3664270341396332], [4.696226119995117, 16.942115783691406, 0.23329973220825195], [0.0, 0.0, 0.0], [0.0, 0.0, 0.0], [0.0, 0.0, 0.0], [0.0, 0.0, 0.0], [0.0, 0.0, 0.0], [0.0, 0.0, 0.0], [0.0, 0.0, 0.0], [0.0, 0.0, 0.0], [0.0, 0.0, 0.0], [0.0, 0.0, 0.0], [4.354803562164307, 4.685005187988281, 0.062155582010746], [0.0, 0.0, 0.0], [4.060376167297363, 4.696776390075684, 0.17154762148857117], [0.0, 0.0, 0.0], [0.0, 0.0, 0.0], [0.0, 0.0, 0.0], [0.0, 0.0, 0.0], [0.0, 0.0, 0.0], [0.0, 0.0, 0.0], [0.0, 0.0, 0.0]]], "time_stamps": [19.360718965530396, 22.118570804595947]}