{"body_keypoints": [[[0.0, 0.0, 0.0], [0.0, 0.0, 0.0], [0.0, 0.0, 0.0], [0.0, 0.0, 0.0], [0.0, 0.0, 0.0], [0.0, 0.0, 0.0], [0.0, 0.0, 0.0], [0.0, 0.0, 0.0], [0.0, 0.0, 0.0], [0.0, 0.0, 0.0], [1.299391746520996, 67.57855987548828, 0.2841711640357971], [11.458748817443848, 81.44180297851562, 0.4241684675216675], [0.0, 0.0, 0.0], [0.0, 0.0, 0.0], [0.0, 0.0, 0.0], [0.0, 0.0, 0.0], [0.0, 0.0, 0.0], [0.0, 0.0, 0.0], [0.0, 0.0, 0.0], [0.0, 0.0, 0.0], [0.0, 0.0, 0.0], [0.0, 0.0, 0.0], [6.616682052612305, 85.63825988769531, 0.1890868842601776], [6.619493007659912, 84.35952758789062, 0.1929142028093338], [13.720599174499512, 82.4143295288086, 0.33410441875457764]], [[104.34029388427734, 59.520137786865234, 0.3279458284378052], [103.05166625976562, 68.54035186767578, 0.28480640053749084], [96.27973175048828, 66.93268585205078, 0.22980250418186188], [91.76214599609375, 76.28932189941406, 0.05204865708947182], [0.0, 0.0, 0.0], [110.14904022216797, 68.87496948242188, 0.20164990425109863], [0.0, 0.0, 0.0], [0.0, 0.0, 0.0], [0.0, 0.0, 0.0], [0.0, 0.0, 0.0], [0.0, 0.0, 0.0], [0.0, 0.0, 0.0], [0.0, 0.0, 0.0], [0.0, 0.0, 0.0], [0.0, 0.0, 0.0], [102.73351287841797, 57.90058898925781, 0.28308188915252686], [105.63536071777344, 58.220054626464844, 0.334929496049881], [100.15774536132812, 58.541629791259766, 0.13590079545974731], [107.88590240478516, 58.87984085083008, 0.24309922754764557], [0.0, 0.0, 0.0], [0.0, 0.0, 0.0], [0.0, 0.0, 0.0], [0.0, 0.0, 0.0], [0.0, 0.0, 0.0], [0.0, 0.0, 0.0]], [[101.75886535644531, 57.908172607421875, 0.2512338161468506], [100.15340423583984, 66.93685913085938, 0.26115623116493225], [93.05937957763672, 65.64192199707031, 0.2163029909133911], [86.9299545288086, 75.96206665039062, 0.05857866257429123], [0.0, 0.0, 0.0], [107.57186126708984, 68.55039978027344, 0.18412742018699646], [0.0, 0.0, 0.0], [0.0, 0.0, 0.0], [0.0, 0.0, 0.0], [0.0, 0.0, 0.0], [0.0, 0.0, 0.0], [0.0, 0.0, 0.0], [0.0, 0.0, 0.0], [0.0, 0.0, 0.0], [0.0, 0.0, 0.0], [100.15032958984375, 55.655479431152344, 0.26572543382644653], [104.0242919921875, 56.29032897949219, 0.2657110393047333], [97.89390563964844, 56.297733306884766, 0.14257676899433136], [106.59455871582031, 58.22025680541992, 0.23096005618572235], [0.0, 0.0, 0.0], [0.0, 0.0, 0.0], [0.0, 0.0, 0.0], [0.0, 0.0, 0.0], [0.0, 0.0, 0.0], [0.0, 0.0, 0.0]]], "time_stamps": [24.820669889450073, 25.70879817008972, 25.76053023338318]}