{"body_keypoints": [[[0.0, 0.0, 0.0], [0.0, 0.0, 0.0], [0.0, 0.0, 0.0], [0.0, 0.0, 0.0], [0.0, 0.0, 0.0], [0.0, 0.0, 0.0], [0.0, 0.0, 0.0], [0.0, 0.0, 0.0], [135.9490966796875, 1.2993955612182617, 0.14207719266414642], [137.87242126464844, 1.2997822761535645, 0.12485349178314209], [136.91021728515625, 5.980088233947754, 0.27930134534835815], [135.63919067382812, 12.754914283752441, 0.36108818650245667], [134.33355712890625, 1.2981858253479004, 0.1277236044406891], [133.04165649414062, 5.659332752227783, 0.3523045778274536], [130.7901611328125, 12.114013671875, 0.32285094261169434], [0.0, 0.0, 0.0], [0.0, 0.0, 0.0], [0.0, 0.0, 0.0], [0.0, 0.0, 0.0], [133.04393005371094, 14.697392463684082, 0.2024582028388977], [130.7913360595703, 15.0127534866333, 0.17490850389003754], [130.79531860351562, 13.722953796386719, 0.3517285883426666], [135.30398559570312, 14.370814323425293, 0.2686993479728699], [135.95401000976562, 14.371196746826172, 0.2850004732608795], [135.62294006347656, 14.047174453735352, 0.3653390407562256]], [[0.0, 0.0, 0.0], [0.0, 0.0, 0.0], [0.0, 0.0, 0.0], [0.0, 0.0, 0.0], [0.0, 0.0, 0.0], [0.0, 0.0, 0.0], [0.0, 0.0, 0.0], [0.0, 0.0, 0.0], [0.0, 0.0, 0.0], [0.0, 0.0, 0.0], [140.7742919921875, 1.3000437021255493, 0.052788566797971725], [140.7984619140625, 4.054693698883057, 0.2772751450538635], [0.0, 0.0, 0.0], [0.0, 0.0, 0.0], [0.0, 0.0, 0.0], [0.0, 0.0, 0.0], [0.0, 0.0, 0.0], [0.0, 0.0, 0.0], [0.0, 0.0, 0.0], [0.0, 0.0, 0.0], [0.0, 0.0, 0.0], [0.0, 0.0, 0.0], [140.46507263183594, 5.661868095397949, 0.21598149836063385], [138.5379638671875, 5.335890769958496, 0.2362319827079773], [141.1161651611328, 4.690605163574219, 0.19233430922031403]]], "time_stamps": [26.803971529006958, 28.9614679813385]}