{"body_keypoints": [[[63.71220016479492, 63.70146942138672, 0.47593390941619873], [63.060306549072266, 70.79849243164062, 0.31829723715782166], [56.932682037353516, 70.478271484375, 0.2580496370792389], [54.35861587524414, 79.51188659667969, 0.08920935541391373], [0.0, 0.0, 0.0], [69.18911743164062, 70.80011749267578, 0.21262653172016144], [73.384033203125, 79.51068878173828, 0.06020892411470413], [0.0, 0.0, 0.0], [62.41660690307617, 89.82966613769531, 0.08092668652534485], [57.901798248291016, 89.18768310546875, 0.08635741472244263], [0.0, 0.0, 0.0], [0.0, 0.0, 0.0], [66.61466217041016, 90.47713470458984, 0.08616791665554047], [0.0, 0.0, 0.0], [0.0, 0.0, 0.0], [63.053653717041016, 61.78106689453125, 0.47885066270828247], [65.63407135009766, 62.41675567626953, 0.47222232818603516], [60.15718460083008, 63.059837341308594, 0.3281819224357605], [67.25398254394531, 63.39506530761719, 0.19036626815795898], [0.0, 0.0, 0.0], [0.0, 0.0, 0.0], [0.0, 0.0, 0.0], [0.0, 0.0, 0.0], [0.0, 0.0, 0.0], [0.0, 0.0, 0.0]]], "time_stamps": [0.0538029670715332]}