{"body_keypoints": [[[74.99691009521484, 63.72361373901367, 0.3510691821575165], [74.03630065917969, 73.71136474609375, 0.19048932194709778], [67.89769744873047, 73.386474609375, 0.13792477548122406], [0.0, 0.0, 0.0], [0.0, 0.0, 0.0], [81.77175903320312, 73.7055435180664, 0.13015559315681458], [0.0, 0.0, 0.0], [0.0, 0.0, 0.0], [0.0, 0.0, 0.0], [0.0, 0.0, 0.0], [0.0, 0.0, 0.0], [0.0, 0.0, 0.0], [0.0, 0.0, 0.0], [0.0, 0.0, 0.0], [0.0, 0.0, 0.0], [73.71045684814453, 62.102718353271484, 0.3717213273048401], [76.60028076171875, 62.41279602050781, 0.42244720458984375], [71.12835693359375, 63.709449768066406, 0.1541062593460083], [78.86021423339844, 63.69966506958008, 0.16065654158592224], [0.0, 0.0, 0.0], [0.0, 0.0, 0.0], [0.0, 0.0, 0.0], [0.0, 0.0, 0.0], [0.0, 0.0, 0.0], [0.0, 0.0, 0.0]], [[109.17536163330078, 62.743892669677734, 0.27352526783943176], [106.9229507446289, 67.57749938964844, 0.31038448214530945], [99.50920867919922, 66.2973861694336, 0.2923429608345032], [93.702880859375, 76.61390686035156, 0.09404903650283813], [0.0, 0.0, 0.0], [114.6644287109375, 68.86459350585938, 0.2188289761543274], [0.0, 0.0, 0.0], [0.0, 0.0, 0.0], [101.11786651611328, 85.95816040039062, 0.06786903738975525], [0.0, 0.0, 0.0], [0.0, 0.0, 0.0], [0.0, 0.0, 0.0], [107.56591796875, 87.25270080566406, 0.06466742604970932], [0.0, 0.0, 0.0], [0.0, 0.0, 0.0], [107.57841491699219, 60.80685806274414, 0.31366026401519775], [110.1611099243164, 61.13645553588867, 0.3230726420879364], [105.31085968017578, 60.15695571899414, 0.23882541060447693], [112.4102783203125, 61.452880859375, 0.1907450258731842], [0.0, 0.0, 0.0], [0.0, 0.0, 0.0], [0.0, 0.0, 0.0], [0.0, 0.0, 0.0], [0.0, 0.0, 0.0], [0.0, 0.0, 0.0]]], "time_stamps": [6.402796268463135, 8.199910879135132]}