{"body_keypoints": [[[0.0, 0.0, 0.0], [159.49937438964844, 76.59805297851562, 0.1236504465341568], [153.36196899414062, 77.25375366210938, 0.3799434006214142], [146.9141387939453, 92.73385620117188, 0.3024708032608032], [145.94981384277344, 105.62889099121094, 0.3457181751728058], [152.07308959960938, 76.9355697631836, 0.19534975290298462], [146.5963897705078, 93.05855560302734, 0.29357150197029114], [145.9486846923828, 105.3109359741211, 0.3102110028266907], [0.0, 0.0, 0.0], [0.0, 0.0, 0.0], [0.0, 0.0, 0.0], [0.0, 0.0, 0.0], [0.0, 0.0, 0.0], [0.0, 0.0, 0.0], [0.0, 0.0, 0.0], [0.0, 0.0, 0.0], [0.0, 0.0, 0.0], [159.4993896484375, 62.7354736328125, 0.05774053931236267], [159.493896484375, 62.09720993041992, 0.1357077658176422], [0.0, 0.0, 0.0], [0.0, 0.0, 0.0], [0.0, 0.0, 0.0], [0.0, 0.0, 0.0], [0.0, 0.0, 0.0], [0.0, 0.0, 0.0]], [[86.28339385986328, 50.484405517578125, 0.23046284914016724], [84.0175552368164, 56.615394592285156, 0.3087380826473236], [77.89969635009766, 55.63716125488281, 0.25060421228408813], [74.02911376953125, 64.35456085205078, 0.0616031140089035], [0.0, 0.0, 0.0], [90.15441131591797, 58.229671478271484, 0.20579802989959717], [0.0, 0.0, 0.0], [0.0, 0.0, 0.0], [80.80284881591797, 72.41647338867188, 0.07070004940032959], [0.0, 0.0, 0.0], [0.0, 0.0, 0.0], [0.0, 0.0, 0.0], [0.0, 0.0, 0.0], [0.0, 0.0, 0.0], [0.0, 0.0, 0.0], [84.66804504394531, 48.553741455078125, 0.24426645040512085], [86.93854522705078, 49.192901611328125, 0.23574717342853546], [82.0980453491211, 49.19913864135742, 0.20180948078632355], [89.17625427246094, 50.48143005371094, 0.155419260263443], [0.0, 0.0, 0.0], [0.0, 0.0, 0.0], [0.0, 0.0, 0.0], [0.0, 0.0, 0.0], [0.0, 0.0, 0.0], [0.0, 0.0, 0.0]]], "time_stamps": [6.208651304244995, 8.176050186157227]}