{"body_keypoints": [[[0.0, 0.0, 0.0], [117.8804931640625, 16.950790405273438, 0.47455450892448425], [118.84639739990234, 16.962182998657227, 0.2773367464542389], [118.84810638427734, 22.419530868530273, 0.13300438225269318], [0.0, 0.0, 0.0], [117.2416000366211, 16.941062927246094, 0.2713997960090637], [115.64202117919922, 21.781585693359375, 0.06202150136232376], [0.0, 0.0, 0.0], [117.57807159423828, 27.26872444152832, 0.3451996147632599], [117.89532470703125, 27.2692813873291, 0.2925582230091095], [120.14103698730469, 34.997161865234375, 0.09286249428987503], [0.0, 0.0, 0.0], [117.23851776123047, 27.266382217407227, 0.28766924142837524], [114.990234375, 36.942684173583984, 0.1063208058476448], [0.0, 0.0, 0.0], [0.0, 0.0, 0.0], [0.0, 0.0, 0.0], [0.0, 0.0, 0.0], [0.0, 0.0, 0.0], [0.0, 0.0, 0.0], [0.0, 0.0, 0.0], [0.0, 0.0, 0.0], [0.0, 0.0, 0.0], [0.0, 0.0, 0.0], [0.0, 0.0, 0.0]], [[0.0, 0.0, 0.0], [122.39888763427734, 16.939672470092773, 0.5561910271644592], [123.04640197753906, 16.962005615234375, 0.40937569737434387], [123.02940368652344, 22.758928298950195, 0.2052132487297058], [122.73827362060547, 28.876739501953125, 0.18571095168590546], [120.47876739501953, 16.937889099121094, 0.3593713045120239], [0.0, 0.0, 0.0], [0.0, 0.0, 0.0], [120.48967742919922, 27.60073471069336, 0.4439212679862976], [122.39098358154297, 27.91175079345703, 0.38704127073287964], [123.05750274658203, 33.71709060668945, 0.15312349796295166], [124.6526870727539, 41.45296096801758, 0.1651904135942459], [120.1361083984375, 27.59100914001465, 0.4181583523750305], [117.5462417602539, 35.019020080566406, 0.23046641051769257], [114.96994018554688, 44.36602020263672, 0.30405208468437195], [0.0, 0.0, 0.0], [0.0, 0.0, 0.0], [123.05733489990234, 12.130280494689941, 0.12161676585674286], [122.740478515625, 12.137152671813965, 0.0732547864317894], [115.3052749633789, 45.64542007446289, 0.31476637721061707], [114.99419403076172, 45.33628845214844, 0.29280000925064087], [114.66747283935547, 45.004512786865234, 0.33737751841545105], [125.31404876708984, 42.42103576660156, 0.23044025897979736], [125.30384063720703, 42.729373931884766, 0.22986893355846405], [123.69683074951172, 42.094573974609375, 0.19624124467372894]]], "time_stamps": [19.268272876739502, 19.53609347343445]}