{"body_keypoints": [[[0.0, 0.0, 0.0], [151.75729370117188, 1.299569845199585, 0.15958502888679504], [148.5169219970703, 1.297855019569397, 0.20980341732501984], [146.2672882080078, 7.598522663116455, 0.22456905245780945], [146.2638397216797, 13.398776054382324, 0.2296021729707718], [155.94541931152344, 1.2990673780441284, 0.08758535981178284], [156.27125549316406, 8.876922607421875, 0.07621034234762192], [154.00393676757812, 16.93277931213379, 0.10354061424732208], [150.4604034423828, 15.016490936279297, 0.2794135808944702], [148.2074737548828, 14.69825267791748, 0.307254433631897], [146.27903747558594, 26.295578002929688, 0.2492557018995285], [151.0833740234375, 34.367855072021484, 0.16370755434036255], [152.71780395507812, 15.336777687072754, 0.24282428622245789], [151.10507202148438, 26.947938919067383, 0.24498648941516876], [151.41650390625, 34.688968658447266, 0.13607120513916016], [0.0, 0.0, 0.0], [0.0, 0.0, 0.0], [0.0, 0.0, 0.0], [0.0, 0.0, 0.0], [148.5215301513672, 40.16938400268555, 0.2668905258178711], [149.81588745117188, 40.16733169555664, 0.24496784806251526], [153.3548126220703, 34.363712310791016, 0.12599310278892517], [148.52932739257812, 40.1671142578125, 0.34509584307670593], [147.5519561767578, 39.52143859863281, 0.29866060614585876], [151.10275268554688, 35.00904846191406, 0.15169981122016907]], [[0.0, 0.0, 0.0], [0.0, 0.0, 0.0], [0.0, 0.0, 0.0], [0.0, 0.0, 0.0], [0.0, 0.0, 0.0], [0.0, 0.0, 0.0], [0.0, 0.0, 0.0], [0.0, 0.0, 0.0], [153.04183959960938, 1.2987667322158813, 0.1456763744354248], [150.4561767578125, 1.2989351749420166, 0.13177457451820374], [146.58993530273438, 17.26429557800293, 0.24721941351890564], [150.77664184570312, 34.998451232910156, 0.20002073049545288], [154.32742309570312, 1.2994130849838257, 0.086365707218647], [153.6836700439453, 17.594497680664062, 0.22917209565639496], [151.10691833496094, 35.32341003417969, 0.2090446799993515], [0.0, 0.0, 0.0], [0.0, 0.0, 0.0], [0.0, 0.0, 0.0], [0.0, 0.0, 0.0], [148.84022521972656, 39.833412170410156, 0.13896696269512177], [150.1328887939453, 39.525901794433594, 0.13222680985927582], [151.42910766601562, 37.25273513793945, 0.19154253602027893], [147.23377990722656, 39.196903228759766, 0.09259602427482605], [147.23509216308594, 37.909603118896484, 0.10658431053161621], [151.10464477539062, 36.62118911743164, 0.15434512495994568]]], "time_stamps": [1.885756254196167, 1.9375183582305908]}