{"body_keypoints": [[[0.0, 0.0, 0.0], [143.36727905273438, 18.88131332397461, 0.32629263401031494], [140.79685974121094, 19.19875144958496, 0.1814391314983368], [138.54147338867188, 24.677640914916992, 0.10185058414936066], [138.19732666015625, 27.578563690185547, 0.09235258400440216], [145.9197235107422, 19.50752830505371, 0.1780339628458023], [146.28741455078125, 23.719648361206055, 0.06081563979387283], [0.0, 0.0, 0.0], [142.71505737304688, 29.865827560424805, 0.21877066791057587], [141.10226440429688, 29.85947608947754, 0.1919437199831009], [141.09051513671875, 39.51543426513672, 0.09949108213186264], [0.0, 0.0, 0.0], [143.68006896972656, 30.156824111938477, 0.23092176020145416], [141.10086059570312, 38.87044143676758, 0.11926514655351639], [0.0, 0.0, 0.0], [0.0, 0.0, 0.0], [0.0, 0.0, 0.0], [0.0, 0.0, 0.0], [0.0, 0.0, 0.0], [0.0, 0.0, 0.0], [0.0, 0.0, 0.0], [0.0, 0.0, 0.0], [0.0, 0.0, 0.0], [0.0, 0.0, 0.0], [0.0, 0.0, 0.0]]], "time_stamps": [2.1445538997650146]}