{"body_keypoints": [[[80.47589874267578, 55.64194869995117, 0.20402604341506958], [75.63933563232422, 62.415897369384766, 0.21170981228351593], [68.222900390625, 58.22151565551758, 0.14904139935970306], [0.0, 0.0, 0.0], [0.0, 0.0, 0.0], [83.70445251464844, 66.28742218017578, 0.1621527522802353], [0.0, 0.0, 0.0], [0.0, 0.0, 0.0], [0.0, 0.0, 0.0], [0.0, 0.0, 0.0], [0.0, 0.0, 0.0], [0.0, 0.0, 0.0], [0.0, 0.0, 0.0], [0.0, 0.0, 0.0], [0.0, 0.0, 0.0], [79.18262481689453, 53.065399169921875, 0.22226718068122864], [82.4109115600586, 54.03299331665039, 0.21899808943271637], [75.9649887084961, 52.42511749267578, 0.18839536607265472], [84.02912902832031, 55.967071533203125, 0.13357076048851013], [0.0, 0.0, 0.0], [0.0, 0.0, 0.0], [0.0, 0.0, 0.0], [0.0, 0.0, 0.0], [0.0, 0.0, 0.0], [0.0, 0.0, 0.0]], [[79.19135284423828, 55.32670211791992, 0.2079756259918213], [73.38368225097656, 64.3581771850586, 0.19617441296577454], [65.96405792236328, 59.19209289550781, 0.15410374104976654], [0.0, 0.0, 0.0], [0.0, 0.0, 0.0], [81.4444808959961, 69.19000244140625, 0.15200528502464294], [0.0, 0.0, 0.0], [0.0, 0.0, 0.0], [0.0, 0.0, 0.0], [0.0, 0.0, 0.0], [0.0, 0.0, 0.0], [0.0, 0.0, 0.0], [0.0, 0.0, 0.0], [0.0, 0.0, 0.0], [0.0, 0.0, 0.0], [78.85710144042969, 52.744056701660156, 0.21753017604351044], [81.77091979980469, 53.71522521972656, 0.24432487785816193], [75.63607788085938, 52.42171859741211, 0.17130279541015625], [83.70085906982422, 55.97118377685547, 0.19479259848594666], [0.0, 0.0, 0.0], [0.0, 0.0, 0.0], [0.0, 0.0, 0.0], [0.0, 0.0, 0.0], [0.0, 0.0, 0.0], [0.0, 0.0, 0.0]]], "time_stamps": [19.3289532661438, 23.532484531402588]}