{"body_keypoints": [[[73.70660400390625, 69.19043731689453, 0.1515740603208542], [70.8030014038086, 81.11898040771484, 0.31312254071235657], [60.8096809387207, 79.50726318359375, 0.1620723158121109], [0.0, 0.0, 0.0], [0.0, 0.0, 0.0], [79.83756256103516, 82.40950012207031, 0.328053742647171], [0.0, 0.0, 0.0], [0.0, 0.0, 0.0], [0.0, 0.0, 0.0], [0.0, 0.0, 0.0], [0.0, 0.0, 0.0], [0.0, 0.0, 0.0], [0.0, 0.0, 0.0], [0.0, 0.0, 0.0], [0.0, 0.0, 0.0], [72.09203338623047, 67.25299835205078, 0.11624551564455032], [76.60342407226562, 65.32280731201172, 0.15226104855537415], [66.60807037353516, 68.86874389648438, 0.10378782451152802], [78.8699722290039, 68.87342071533203, 0.11810757219791412], [0.0, 0.0, 0.0], [0.0, 0.0, 0.0], [0.0, 0.0, 0.0], [0.0, 0.0, 0.0], [0.0, 0.0, 0.0], [0.0, 0.0, 0.0]], [[75.64080810546875, 63.70081329345703, 0.31306374073028564], [74.35919189453125, 71.77362060546875, 0.24656540155410767], [68.53913879394531, 71.45068359375, 0.20835807919502258], [0.0, 0.0, 0.0], [0.0, 0.0, 0.0], [81.76852416992188, 72.09638977050781, 0.14163810014724731], [0.0, 0.0, 0.0], [0.0, 0.0, 0.0], [76.28641510009766, 91.4417953491211, 0.05565258860588074], [0.0, 0.0, 0.0], [0.0, 0.0, 0.0], [0.0, 0.0, 0.0], [0.0, 0.0, 0.0], [0.0, 0.0, 0.0], [0.0, 0.0, 0.0], [74.03727722167969, 61.775596618652344, 0.3468534052371979], [76.60909271240234, 62.096065521240234, 0.3359476923942566], [71.76904296875, 63.375980377197266, 0.23092499375343323], [78.86474609375, 63.38822555541992, 0.15146039426326752], [0.0, 0.0, 0.0], [0.0, 0.0, 0.0], [0.0, 0.0, 0.0], [0.0, 0.0, 0.0], [0.0, 0.0, 0.0], [0.0, 0.0, 0.0]]], "time_stamps": [25.408327341079712, 25.67909836769104]}