{"body_keypoints": [[[103.04975128173828, 60.478031158447266, 0.40973761677742004], [102.0873031616211, 70.48504638671875, 0.33478817343711853], [94.67169189453125, 68.53861236572266, 0.23775489628314972], [81.7645034790039, 78.86874389648438, 0.05338238179683685], [0.0, 0.0, 0.0], [109.17871856689453, 72.41637420654297, 0.25878867506980896], [0.0, 0.0, 0.0], [0.0, 0.0, 0.0], [0.0, 0.0, 0.0], [0.0, 0.0, 0.0], [0.0, 0.0, 0.0], [0.0, 0.0, 0.0], [0.0, 0.0, 0.0], [0.0, 0.0, 0.0], [0.0, 0.0, 0.0], [102.40608978271484, 58.22153091430664, 0.38097554445266724], [105.63737487792969, 58.5454216003418, 0.369695782661438], [99.83445739746094, 58.86711502075195, 0.1406269073486328], [109.18119812011719, 61.11994934082031, 0.25856679677963257], [0.0, 0.0, 0.0], [0.0, 0.0, 0.0], [0.0, 0.0, 0.0], [0.0, 0.0, 0.0], [0.0, 0.0, 0.0], [0.0, 0.0, 0.0]], [[87.89396667480469, 50.48221969604492, 0.2307077944278717], [89.19205474853516, 62.74102020263672, 0.2919246554374695], [79.51628112792969, 61.4515380859375, 0.2583507001399994], [73.0626449584961, 76.60975646972656, 0.06110575422644615], [0.0, 0.0, 0.0], [99.1837158203125, 63.712562561035156, 0.15064175426959991], [0.0, 0.0, 0.0], [0.0, 0.0, 0.0], [84.34712219238281, 88.21798706054688, 0.05616917833685875], [78.86258697509766, 87.57357025146484, 0.061440594494342804], [0.0, 0.0, 0.0], [0.0, 0.0, 0.0], [0.0, 0.0, 0.0], [0.0, 0.0, 0.0], [0.0, 0.0, 0.0], [86.60332489013672, 47.91288375854492, 0.24154695868492126], [91.12202453613281, 48.231475830078125, 0.23260214924812317], [83.7034683227539, 49.193660736083984, 0.1524035632610321], [94.99238586425781, 50.159217834472656, 0.21146848797798157], [0.0, 0.0, 0.0], [0.0, 0.0, 0.0], [0.0, 0.0, 0.0], [0.0, 0.0, 0.0], [0.0, 0.0, 0.0], [0.0, 0.0, 0.0]]], "time_stamps": [9.810784816741943, 11.84382963180542]}