{"body_keypoints": [[[101.11983489990234, 67.90319061279297, 0.25392746925354004], [99.82453918457031, 78.22123718261719, 0.19557222723960876], [91.44246673583984, 75.95951080322266, 0.1491975635290146], [0.0, 0.0, 0.0], [0.0, 0.0, 0.0], [107.24736022949219, 79.19329833984375, 0.09841429442167282], [0.0, 0.0, 0.0], [0.0, 0.0, 0.0], [0.0, 0.0, 0.0], [0.0, 0.0, 0.0], [0.0, 0.0, 0.0], [0.0, 0.0, 0.0], [0.0, 0.0, 0.0], [0.0, 0.0, 0.0], [0.0, 0.0, 0.0], [99.83443450927734, 65.96566772460938, 0.3358082175254822], [103.0501480102539, 66.27958679199219, 0.297399640083313], [97.57798767089844, 66.9295654296875, 0.1359999179840088], [107.24812316894531, 68.22588348388672, 0.17830932140350342], [0.0, 0.0, 0.0], [0.0, 0.0, 0.0], [0.0, 0.0, 0.0], [0.0, 0.0, 0.0], [0.0, 0.0, 0.0], [0.0, 0.0, 0.0]]], "time_stamps": [35.79569911956787]}