{"body_keypoints": [[[76.59989929199219, 63.71707534790039, 0.632763683795929], [74.99249267578125, 72.73518371582031, 0.40406185388565063], [67.8975830078125, 71.44871520996094, 0.35090458393096924], [64.6713638305664, 82.08733367919922, 0.10928887873888016], [0.0, 0.0, 0.0], [82.09675598144531, 73.38743591308594, 0.31003084778785706], [89.19071197509766, 87.25282287597656, 0.09798707813024521], [0.0, 0.0, 0.0], [72.73853302001953, 92.73358917236328, 0.05820484831929207], [0.0, 0.0, 0.0], [0.0, 0.0, 0.0], [0.0, 0.0, 0.0], [79.19134521484375, 94.98922729492188, 0.05688989907503128], [0.0, 0.0, 0.0], [0.0, 0.0, 0.0], [74.67792510986328, 62.09355545043945, 0.6241230964660645], [77.90074920654297, 62.09776306152344, 0.6219941973686218], [71.78112030029297, 63.06754684448242, 0.4262971878051758], [79.83349609375, 63.3975830078125, 0.24912457168102264], [0.0, 0.0, 0.0], [0.0, 0.0, 0.0], [0.0, 0.0, 0.0], [0.0, 0.0, 0.0], [0.0, 0.0, 0.0], [0.0, 0.0, 0.0]], [[75.31307983398438, 64.03678131103516, 0.7176149487495422], [75.95600891113281, 72.74039459228516, 0.558273196220398], [68.2183837890625, 72.41497039794922, 0.4836753010749817], [64.67402648925781, 81.77597045898438, 0.14111588895320892], [0.0, 0.0, 0.0], [84.02084350585938, 73.06095123291016, 0.4144536852836609], [88.86076354980469, 86.27942657470703, 0.11350559443235397], [81.76873016357422, 82.09176635742188, 0.07946467399597168], [74.6739273071289, 92.4091567993164, 0.10319934040307999], [68.87358856201172, 92.0867691040039, 0.11137019097805023], [0.0, 0.0, 0.0], [0.0, 0.0, 0.0], [80.80224609375, 93.38044738769531, 0.09492339193820953], [0.0, 0.0, 0.0], [0.0, 0.0, 0.0], [73.70532989501953, 62.73947525024414, 0.7307927012443542], [76.61979675292969, 62.738277435302734, 0.7461235523223877], [71.1262435913086, 63.3979377746582, 0.38672006130218506], [79.20376586914062, 63.69514465332031, 0.547272801399231], [0.0, 0.0, 0.0], [0.0, 0.0, 0.0], [0.0, 0.0, 0.0], [0.0, 0.0, 0.0], [0.0, 0.0, 0.0], [0.0, 0.0, 0.0]]], "time_stamps": [25.13900065422058, 25.192762851715088]}