{"body_keypoints": [[[103.05025482177734, 60.8006706237793, 0.3250914514064789], [102.40723419189453, 68.86894989013672, 0.3238551914691925], [96.60162353515625, 66.9361801147461, 0.2263680100440979], [89.18577575683594, 73.70166778564453, 0.05534768104553223], [0.0, 0.0, 0.0], [108.21399688720703, 70.80828857421875, 0.27264201641082764], [0.0, 0.0, 0.0], [0.0, 0.0, 0.0], [0.0, 0.0, 0.0], [0.0, 0.0, 0.0], [0.0, 0.0, 0.0], [0.0, 0.0, 0.0], [0.0, 0.0, 0.0], [0.0, 0.0, 0.0], [0.0, 0.0, 0.0], [102.09395599365234, 58.55038833618164, 0.299290269613266], [105.30593872070312, 58.877540588378906, 0.30501776933670044], [99.83399200439453, 59.51177978515625, 0.12453792989253998], [107.89741516113281, 60.80922317504883, 0.24438488483428955], [0.0, 0.0, 0.0], [0.0, 0.0, 0.0], [0.0, 0.0, 0.0], [0.0, 0.0, 0.0], [0.0, 0.0, 0.0], [0.0, 0.0, 0.0]], [[103.69390106201172, 59.194637298583984, 0.38329869508743286], [102.73078155517578, 69.19367980957031, 0.4281842112541199], [94.35198211669922, 68.55104064941406, 0.3125362694263458], [85.31743621826172, 78.54058837890625, 0.05231262370944023], [0.0, 0.0, 0.0], [110.47166442871094, 70.15931701660156, 0.30223122239112854], [0.0, 0.0, 0.0], [0.0, 0.0, 0.0], [0.0, 0.0, 0.0], [0.0, 0.0, 0.0], [0.0, 0.0, 0.0], [0.0, 0.0, 0.0], [0.0, 0.0, 0.0], [0.0, 0.0, 0.0], [0.0, 0.0, 0.0], [102.0799789428711, 56.94078063964844, 0.37511706352233887], [105.63417053222656, 57.578956604003906, 0.3619430661201477], [99.49720001220703, 58.2188606262207, 0.23283687233924866], [108.85928344726562, 58.548587799072266, 0.2881595194339752], [0.0, 0.0, 0.0], [0.0, 0.0, 0.0], [0.0, 0.0, 0.0], [0.0, 0.0, 0.0], [0.0, 0.0, 0.0], [0.0, 0.0, 0.0]]], "time_stamps": [14.520419120788574, 14.574182510375977]}