{"body_keypoints": [[[75.64421844482422, 64.02580261230469, 0.37884384393692017], [73.71420288085938, 73.37969970703125, 0.2642439007759094], [65.9725570678711, 71.77021026611328, 0.2086130827665329], [0.0, 0.0, 0.0], [0.0, 0.0, 0.0], [82.7384262084961, 74.35012817382812, 0.14174827933311462], [0.0, 0.0, 0.0], [0.0, 0.0, 0.0], [0.0, 0.0, 0.0], [0.0, 0.0, 0.0], [0.0, 0.0, 0.0], [0.0, 0.0, 0.0], [0.0, 0.0, 0.0], [0.0, 0.0, 0.0], [0.0, 0.0, 0.0], [74.03459167480469, 61.773372650146484, 0.45009109377861023], [77.25074768066406, 62.42110824584961, 0.39088863134384155], [71.13615417480469, 62.73944854736328, 0.2950081527233124], [79.83589935302734, 63.716529846191406, 0.18526393175125122], [0.0, 0.0, 0.0], [0.0, 0.0, 0.0], [0.0, 0.0, 0.0], [0.0, 0.0, 0.0], [0.0, 0.0, 0.0], [0.0, 0.0, 0.0]], [[74.3633804321289, 63.71444320678711, 0.6424687504768372], [74.35131072998047, 72.73660278320312, 0.40646693110466003], [67.57568359375, 71.45781707763672, 0.3688637912273407], [63.710933685302734, 81.12213134765625, 0.06582020968198776], [0.0, 0.0, 0.0], [81.76963806152344, 73.38794708251953, 0.3034733533859253], [0.0, 0.0, 0.0], [0.0, 0.0, 0.0], [73.05791473388672, 92.08465576171875, 0.08928597718477249], [67.58028411865234, 91.76232147216797, 0.08667266368865967], [0.0, 0.0, 0.0], [0.0, 0.0, 0.0], [77.90030670166016, 92.73381042480469, 0.09607855975627899], [0.0, 0.0, 0.0], [0.0, 0.0, 0.0], [73.7101821899414, 62.09180450439453, 0.6628834009170532], [76.60089111328125, 62.419742584228516, 0.6479491591453552], [71.4391860961914, 63.05887985229492, 0.34099280834198], [79.18487548828125, 63.698631286621094, 0.4513702988624573], [0.0, 0.0, 0.0], [0.0, 0.0, 0.0], [0.0, 0.0, 0.0], [0.0, 0.0, 0.0], [0.0, 0.0, 0.0], [0.0, 0.0, 0.0]]], "time_stamps": [22.87010955810547, 23.23040771484375]}