{"body_keypoints": [[[79.19135284423828, 55.32670211791992, 0.2079756259918213], [73.38368225097656, 64.3581771850586, 0.19617441296577454], [65.96405792236328, 59.19209289550781, 0.15410374104976654], [0.0, 0.0, 0.0], [0.0, 0.0, 0.0], [81.4444808959961, 69.19000244140625, 0.15200528502464294], [0.0, 0.0, 0.0], [0.0, 0.0, 0.0], [0.0, 0.0, 0.0], [0.0, 0.0, 0.0], [0.0, 0.0, 0.0], [0.0, 0.0, 0.0], [0.0, 0.0, 0.0], [0.0, 0.0, 0.0], [0.0, 0.0, 0.0], [78.85710144042969, 52.744056701660156, 0.21753017604351044], [81.77091979980469, 53.71522521972656, 0.24432487785816193], [75.63607788085938, 52.42171859741211, 0.17130279541015625], [83.70085906982422, 55.97118377685547, 0.19479259848594666], [0.0, 0.0, 0.0], [0.0, 0.0, 0.0], [0.0, 0.0, 0.0], [0.0, 0.0, 0.0], [0.0, 0.0, 0.0], [0.0, 0.0, 0.0]]], "time_stamps": [23.615232706069946]}