{"body_keypoints": [[[77.25190734863281, 62.09877395629883, 0.22383315861225128], [75.63919067382812, 76.61181640625, 0.16486017405986786], [65.96524047851562, 78.54512786865234, 0.19810838997364044], [0.0, 0.0, 0.0], [0.0, 0.0, 0.0], [88.86285400390625, 74.99437713623047, 0.09177248924970627], [0.0, 0.0, 0.0], [0.0, 0.0, 0.0], [0.0, 0.0, 0.0], [0.0, 0.0, 0.0], [0.0, 0.0, 0.0], [0.0, 0.0, 0.0], [0.0, 0.0, 0.0], [0.0, 0.0, 0.0], [0.0, 0.0, 0.0], [75.32279968261719, 60.154388427734375, 0.27023205161094666], [79.18814086914062, 60.16387176513672, 0.22717981040477753], [71.12989044189453, 60.811649322509766, 0.22593283653259277], [82.73407745361328, 61.45444107055664, 0.08931908756494522], [0.0, 0.0, 0.0], [0.0, 0.0, 0.0], [0.0, 0.0, 0.0], [0.0, 0.0, 0.0], [0.0, 0.0, 0.0], [0.0, 0.0, 0.0]], [[76.60305786132812, 62.741268157958984, 0.23973968625068665], [76.6131591796875, 76.60858154296875, 0.19323456287384033], [65.96800994873047, 78.85963439941406, 0.16612648963928223], [0.0, 0.0, 0.0], [0.0, 0.0, 0.0], [88.862548828125, 73.7091293334961, 0.09910502284765244], [0.0, 0.0, 0.0], [0.0, 0.0, 0.0], [0.0, 0.0, 0.0], [0.0, 0.0, 0.0], [0.0, 0.0, 0.0], [0.0, 0.0, 0.0], [0.0, 0.0, 0.0], [0.0, 0.0, 0.0], [0.0, 0.0, 0.0], [74.35958099365234, 60.480445861816406, 0.2693501114845276], [78.54700469970703, 60.1632194519043, 0.24611417949199677], [71.11788940429688, 62.100833892822266, 0.15834541618824005], [83.06062316894531, 61.771244049072266, 0.12458591908216476], [0.0, 0.0, 0.0], [0.0, 0.0, 0.0], [0.0, 0.0, 0.0], [0.0, 0.0, 0.0], [0.0, 0.0, 0.0], [0.0, 0.0, 0.0]]], "time_stamps": [16.346916437149048, 16.451409101486206]}