{"body_keypoints": [[[132.0823974609375, 19.867555618286133, 0.09704235941171646], [132.40005493164062, 23.08296775817871, 0.35479626059532166], [130.4830322265625, 23.717065811157227, 0.29367318749427795], [129.49075317382812, 28.23912811279297, 0.1696052998304367], [129.82003784179688, 32.748146057128906, 0.13331562280654907], [133.37376403808594, 23.721702575683594, 0.23486001789569855], [135.2914581298828, 27.91818618774414, 0.11944179981946945], [133.0285186767578, 33.72003173828125, 0.11199846118688583], [130.774658203125, 33.08058547973633, 0.4605255126953125], [130.4403533935547, 33.07823181152344, 0.4439466595649719], [129.17694091796875, 41.45394515991211, 0.20403900742530823], [128.2028045654297, 48.873775482177734, 0.16195231676101685], [131.12423706054688, 33.38926696777344, 0.3864244222640991], [130.7748565673828, 41.77608871459961, 0.22490882873535156], [129.81292724609375, 48.22925567626953, 0.11723625659942627], [131.75485229492188, 19.841419219970703, 0.09233735501766205], [132.7116241455078, 19.83659553527832, 0.08375237137079239], [0.0, 0.0, 0.0], [133.04595947265625, 19.833032608032227, 0.09505821019411087], [0.0, 0.0, 0.0], [0.0, 0.0, 0.0], [0.0, 0.0, 0.0], [127.89091491699219, 50.80472946166992, 0.24469077587127686], [126.60033416748047, 50.49524688720703, 0.2214900553226471], [128.20433044433594, 48.88054656982422, 0.16387386620044708]]], "time_stamps": [34.04232358932495]}