{"body_keypoints": [[[133.39891052246094, 19.852067947387695, 0.06154540926218033], [134.0212860107422, 22.420591354370117, 0.395989328622818], [133.02740478515625, 22.413482666015625, 0.28101542592048645], [130.76806640625, 25.65709686279297, 0.15279728174209595], [130.1397247314453, 29.517045974731445, 0.10048966109752655], [135.63955688476562, 22.427520751953125, 0.2888878285884857], [138.18698120117188, 27.257991790771484, 0.2193891704082489], [138.21583557128906, 30.17544937133789, 0.1425935924053192], [133.3682861328125, 31.785551071166992, 0.36162880063056946], [133.02261352539062, 32.09547805786133, 0.3479701280593872], [132.4038848876953, 40.15595626831055, 0.1807100474834442], [130.77755737304688, 48.24371337890625, 0.19061343371868134], [134.65093994140625, 32.096893310546875, 0.3104589581489563], [133.03282165527344, 40.16069412231445, 0.1973382830619812], [130.7823944091797, 48.2440185546875, 0.1860208660364151], [133.37371826171875, 19.5128173828125, 0.06029964238405228], [0.0, 0.0, 0.0], [0.0, 0.0, 0.0], [0.0, 0.0, 0.0], [130.45582580566406, 50.49473190307617, 0.1584857851266861], [130.4717559814453, 50.49560546875, 0.14278675615787506], [130.77899169921875, 49.19837951660156, 0.16749307513237], [130.79360961914062, 50.795841217041016, 0.2216522991657257], [130.4558868408203, 50.48667907714844, 0.22019752860069275], [130.77940368652344, 48.87126541137695, 0.19315417110919952]]], "time_stamps": [33.61116337776184]}