{"body_keypoints": [[[5.016417980194092, 1.2975406646728516, 0.11130719631910324], [4.065757751464844, 5.339171886444092, 0.33713388442993164], [1.2977888584136963, 4.693853855133057, 0.21962600946426392], [1.2993727922439575, 10.500638008117676, 0.11093202233314514], [1.3042504787445068, 12.425481796264648, 0.05336795002222061], [6.9454169273376465, 6.295331001281738, 0.3177879750728607], [9.845566749572754, 11.454419136047363, 0.2288198173046112], [7.910618305206299, 11.782435417175293, 0.1566869020462036], [3.72200083732605, 14.687386512756348, 0.35122954845428467], [1.141108512878418, 14.684179306030273, 0.3016849160194397], [3.4029083251953125, 22.113645553588867, 0.2316586673259735], [3.725602626800537, 27.603429794311523, 0.0988759994506836], [4.698899745941162, 14.688380241394043, 0.36518043279647827], [4.697387218475342, 22.426715850830078, 0.3613106906414032], [4.055298328399658, 28.87771224975586, 0.2803086042404175], [4.37681770324707, 1.2985953092575073, 0.10395167022943497], [6.288088798522949, 1.299344539642334, 0.09255195409059525], [3.3959383964538574, 1.299750804901123, 0.08921268582344055], [0.0, 0.0, 0.0], [4.36226224899292, 30.494266510009766, 0.2407081127166748], [4.68887996673584, 30.177433013916016, 0.23795880377292633], [4.042374610900879, 29.5289306640625, 0.24990680813789368], [4.038926601409912, 29.857521057128906, 0.13471442461013794], [3.716393232345581, 30.162086486816406, 0.0971168726682663], [0.0, 0.0, 0.0]]], "time_stamps": [10.339491605758667]}