{"body_keypoints": [[[81.43679809570312, 59.83909606933594, 0.28651392459869385], [82.09261322021484, 69.19281005859375, 0.34981948137283325], [73.706787109375, 67.89881134033203, 0.24524158239364624], [0.0, 0.0, 0.0], [0.0, 0.0, 0.0], [91.4415054321289, 71.12879180908203, 0.3177183270454407], [91.76702117919922, 83.7044448852539, 0.10565298795700073], [84.67345428466797, 84.01815795898438, 0.05812358111143112], [78.21785736083984, 88.86151885986328, 0.0559108667075634], [71.76974487304688, 88.21699523925781, 0.05607343465089798], [0.0, 0.0, 0.0], [0.0, 0.0, 0.0], [84.34596252441406, 90.15118408203125, 0.059764206409454346], [0.0, 0.0, 0.0], [0.0, 0.0, 0.0], [80.1600570678711, 58.21786117553711, 0.2609129250049591], [83.70565032958984, 58.23405075073242, 0.340791255235672], [78.21501159667969, 58.87879943847656, 0.08010559529066086], [87.25453186035156, 60.809425354003906, 0.4142231345176697], [0.0, 0.0, 0.0], [0.0, 0.0, 0.0], [0.0, 0.0, 0.0], [0.0, 0.0, 0.0], [0.0, 0.0, 0.0], [0.0, 0.0, 0.0]]], "time_stamps": [5.6559669971466064]}