{"body_keypoints": [[[0.0, 0.0, 0.0], [1.2995643615722656, 50.8016357421875, 0.1312425285577774], [3.7208170890808105, 48.22479248046875, 0.19932709634304047], [0.0, 0.0, 0.0], [0.0, 0.0, 0.0], [0.0, 0.0, 0.0], [0.0, 0.0, 0.0], [0.0, 0.0, 0.0], [6.306823253631592, 77.25234985351562, 0.3408440351486206], [8.236574172973633, 76.92765045166016, 0.20404589176177979], [8.563600540161133, 96.9318618774414, 0.3247073292732239], [23.396860122680664, 106.60027313232422, 0.333636075258255], [5.982071876525879, 78.21671295166016, 0.39182180166244507], [7.911537170410156, 96.9345932006836, 0.542579710483551], [24.037715911865234, 105.3131103515625, 0.43970823287963867], [0.0, 0.0, 0.0], [0.0, 0.0, 0.0], [0.0, 0.0, 0.0], [0.0, 0.0, 0.0], [20.179607391357422, 113.69233703613281, 0.29340216517448425], [23.073104858398438, 112.72722625732422, 0.2878624200820923], [26.947927474975586, 104.9887466430664, 0.4116349220275879], [19.519115447998047, 114.99107360839844, 0.3054623007774353], [19.209861755371094, 114.34060668945312, 0.27005672454833984], [27.273387908935547, 104.99149322509766, 0.17014561593532562]], [[101.11983489990234, 67.90319061279297, 0.25392746925354004], [99.82453918457031, 78.22123718261719, 0.19557222723960876], [91.44246673583984, 75.95951080322266, 0.1491975635290146], [0.0, 0.0, 0.0], [0.0, 0.0, 0.0], [107.24736022949219, 79.19329833984375, 0.09841429442167282], [0.0, 0.0, 0.0], [0.0, 0.0, 0.0], [0.0, 0.0, 0.0], [0.0, 0.0, 0.0], [0.0, 0.0, 0.0], [0.0, 0.0, 0.0], [0.0, 0.0, 0.0], [0.0, 0.0, 0.0], [0.0, 0.0, 0.0], [99.83443450927734, 65.96566772460938, 0.3358082175254822], [103.0501480102539, 66.27958679199219, 0.297399640083313], [97.57798767089844, 66.9295654296875, 0.1359999179840088], [107.24812316894531, 68.22588348388672, 0.17830932140350342], [0.0, 0.0, 0.0], [0.0, 0.0, 0.0], [0.0, 0.0, 0.0], [0.0, 0.0, 0.0], [0.0, 0.0, 0.0], [0.0, 0.0, 0.0]]], "time_stamps": [33.03249979019165, 33.78618025779724]}