{"body_keypoints": [[[76.6123046875, 63.38663101196289, 0.19993358850479126], [74.02613067626953, 79.18608856201172, 0.2934528887271881], [64.35731506347656, 79.19499206542969, 0.21082650125026703], [0.0, 0.0, 0.0], [0.0, 0.0, 0.0], [83.38127899169922, 79.50811004638672, 0.12815174460411072], [0.0, 0.0, 0.0], [0.0, 0.0, 0.0], [0.0, 0.0, 0.0], [0.0, 0.0, 0.0], [0.0, 0.0, 0.0], [0.0, 0.0, 0.0], [0.0, 0.0, 0.0], [0.0, 0.0, 0.0], [0.0, 0.0, 0.0], [75.31327819824219, 60.806880950927734, 0.21730484068393707], [78.54348754882812, 60.79708480834961, 0.2275821417570114], [68.86968994140625, 63.38943099975586, 0.14442387223243713], [81.44636535644531, 62.42277526855469, 0.10119963437318802], [0.0, 0.0, 0.0], [0.0, 0.0, 0.0], [0.0, 0.0, 0.0], [0.0, 0.0, 0.0], [0.0, 0.0, 0.0], [0.0, 0.0, 0.0]], [[76.92823028564453, 63.7054557800293, 0.210663303732872], [73.70835876464844, 79.5101089477539, 0.29586032032966614], [63.3907470703125, 79.51250457763672, 0.19183601438999176], [0.0, 0.0, 0.0], [0.0, 0.0, 0.0], [84.34864807128906, 80.1572494506836, 0.14308539032936096], [0.0, 0.0, 0.0], [0.0, 0.0, 0.0], [0.0, 0.0, 0.0], [0.0, 0.0, 0.0], [0.0, 0.0, 0.0], [0.0, 0.0, 0.0], [0.0, 0.0, 0.0], [0.0, 0.0, 0.0], [0.0, 0.0, 0.0], [75.31549072265625, 60.8110237121582, 0.23271775245666504], [78.85803985595703, 60.80379104614258, 0.23807504773139954], [67.58219909667969, 63.707454681396484, 0.17036809027194977], [81.76258087158203, 63.06511688232422, 0.09946335852146149], [0.0, 0.0, 0.0], [0.0, 0.0, 0.0], [0.0, 0.0, 0.0], [0.0, 0.0, 0.0], [0.0, 0.0, 0.0], [0.0, 0.0, 0.0]]], "time_stamps": [0.04978060722351074, 0.10354351997375488]}