{"body_keypoints": [[[0.0, 0.0, 0.0], [0.0, 0.0, 0.0], [0.0, 0.0, 0.0], [0.0, 0.0, 0.0], [0.0, 0.0, 0.0], [0.0, 0.0, 0.0], [0.0, 0.0, 0.0], [0.0, 0.0, 0.0], [6.952368259429932, 13.083033561706543, 0.4193592369556427], [9.193096160888672, 13.079877853393555, 0.38076964020729065], [7.2740254402160645, 19.8539981842041, 0.27407559752464294], [8.24484920501709, 27.5945987701416, 0.18557921051979065], [5.978475570678711, 13.397724151611328, 0.3836108446121216], [5.978650093078613, 20.181047439575195, 0.300141304731369], [7.599633693695068, 28.233640670776367, 0.25053489208221436], [0.0, 0.0, 0.0], [0.0, 0.0, 0.0], [0.0, 0.0, 0.0], [0.0, 0.0, 0.0], [7.592138290405273, 29.53045654296875, 0.16359084844589233], [7.281071662902832, 29.52651596069336, 0.14946353435516357], [8.23593521118164, 29.832542419433594, 0.30913227796554565], [0.0, 0.0, 0.0], [0.0, 0.0, 0.0], [8.241531372070312, 29.196523666381836, 0.19455069303512573]], [[0.0, 0.0, 0.0], [1.299620509147644, 4.363305568695068, 0.22119350731372833], [1.2980681657791138, 4.0528411865234375, 0.07006573677062988], [0.0, 0.0, 0.0], [0.0, 0.0, 0.0], [2.752885341644287, 4.361017227172852, 0.3413453996181488], [4.369900226593018, 6.2967729568481445, 0.28499075770378113], [7.268500804901123, 9.850642204284668, 0.32451188564300537], [1.302532434463501, 11.79560661315918, 0.2522623538970947], [1.30465567111969, 12.107193946838379, 0.11031823605298996], [1.2961946725845337, 19.208187103271484, 0.1588437557220459], [1.297270655632019, 27.57843589782715, 0.11385796964168549], [1.299289345741272, 11.789315223693848, 0.4541480243206024], [4.04424524307251, 19.52776336669922, 0.6350167989730835], [3.3968122005462646, 27.5777645111084, 0.4278242588043213], [0.0, 0.0, 0.0], [1.2995834350585938, 1.296622395515442, 0.15473198890686035], [0.0, 0.0, 0.0], [1.2980804443359375, 1.2977350950241089, 0.08605378866195679], [4.052496433258057, 30.17804718017578, 0.5041661262512207], [4.3908867835998535, 29.854068756103516, 0.5113864541053772], [0.0, 0.0, 0.0], [3.0699946880340576, 29.85874366760254, 0.12526676058769226], [0.0, 0.0, 0.0], [1.2994682788848877, 28.233844757080078, 0.09194430708885193]]], "time_stamps": [7.546804428100586, 9.881471395492554]}