{"body_keypoints": [[[0.0, 0.0, 0.0], [1.138053297996521, 4.3756184577941895, 0.17594610154628754], [1.2968754768371582, 4.037973403930664, 0.09809021651744843], [0.0, 0.0, 0.0], [0.0, 0.0, 0.0], [3.728975534439087, 4.689971446990967, 0.17900073528289795], [5.3401970863342285, 6.950735569000244, 0.14124725759029388], [8.8919095993042, 12.428610801696777, 0.18776613473892212], [1.3021318912506104, 12.114752769470215, 0.204803004860878], [1.3043599128723145, 12.114259719848633, 0.11207859218120575], [0.0, 0.0, 0.0], [0.0, 0.0, 0.0], [1.2980440855026245, 12.113222122192383, 0.3490210473537445], [4.352822780609131, 20.495094299316406, 0.3675778806209564], [3.7232916355133057, 27.91958236694336, 0.21017009019851685], [0.0, 0.0, 0.0], [0.0, 0.0, 0.0], [0.0, 0.0, 0.0], [0.0, 0.0, 0.0], [4.055455207824707, 30.1602840423584, 0.2538742423057556], [4.363334655761719, 29.855382919311523, 0.2257365584373474], [3.3991944789886475, 29.195709228515625, 0.210617333650589], [0.0, 0.0, 0.0], [0.0, 0.0, 0.0], [0.0, 0.0, 0.0]], [[5.016417980194092, 1.2975406646728516, 0.11130719631910324], [4.065757751464844, 5.339171886444092, 0.33713388442993164], [1.2977888584136963, 4.693853855133057, 0.21962600946426392], [1.2993727922439575, 10.500638008117676, 0.11093202233314514], [1.3042504787445068, 12.425481796264648, 0.05336795002222061], [6.9454169273376465, 6.295331001281738, 0.3177879750728607], [9.845566749572754, 11.454419136047363, 0.2288198173046112], [7.910618305206299, 11.782435417175293, 0.1566869020462036], [3.72200083732605, 14.687386512756348, 0.35122954845428467], [1.141108512878418, 14.684179306030273, 0.3016849160194397], [3.4029083251953125, 22.113645553588867, 0.2316586673259735], [3.725602626800537, 27.603429794311523, 0.0988759994506836], [4.698899745941162, 14.688380241394043, 0.36518043279647827], [4.697387218475342, 22.426715850830078, 0.3613106906414032], [4.055298328399658, 28.87771224975586, 0.2803086042404175], [4.37681770324707, 1.2985953092575073, 0.10395167022943497], [6.288088798522949, 1.299344539642334, 0.09255195409059525], [3.3959383964538574, 1.299750804901123, 0.08921268582344055], [0.0, 0.0, 0.0], [4.36226224899292, 30.494266510009766, 0.2407081127166748], [4.68887996673584, 30.177433013916016, 0.23795880377292633], [4.042374610900879, 29.5289306640625, 0.24990680813789368], [4.038926601409912, 29.857521057128906, 0.13471442461013794], [3.716393232345581, 30.162086486816406, 0.0971168726682663], [0.0, 0.0, 0.0]]], "time_stamps": [9.933243751525879, 10.09756588935852]}