{"body_keypoints": [[[0.0, 0.0, 0.0], [6.300631999969482, 1.3012183904647827, 0.07037271559238434], [0.0, 0.0, 0.0], [0.0, 0.0, 0.0], [0.0, 0.0, 0.0], [0.0, 0.0, 0.0], [0.0, 0.0, 0.0], [0.0, 0.0, 0.0], [6.938570022583008, 6.958497524261475, 0.34651029109954834], [8.234968185424805, 6.954372882843018, 0.2865816354751587], [8.555879592895508, 16.625553131103516, 0.21869799494743347], [9.537907600402832, 23.081499099731445, 0.11660408973693848], [6.304191589355469, 7.268427848815918, 0.2990502417087555], [8.883979797363281, 17.266845703125, 0.24576686322689056], [16.297203063964844, 27.918609619140625, 0.23724482953548431], [0.0, 0.0, 0.0], [0.0, 0.0, 0.0], [0.0, 0.0, 0.0], [0.0, 0.0, 0.0], [15.660818099975586, 31.455047607421875, 0.14662349224090576], [16.626630783081055, 30.500255584716797, 0.16010189056396484], [16.960359573364258, 29.203351974487305, 0.26661816239356995], [8.562366485595703, 24.70160675048828, 0.07602226734161377], [9.219657897949219, 24.693456649780273, 0.10120277851819992], [9.52940845489502, 24.361183166503906, 0.10321203619241714]], [[81.43679809570312, 59.83909606933594, 0.28651392459869385], [82.09261322021484, 69.19281005859375, 0.34981948137283325], [73.706787109375, 67.89881134033203, 0.24524158239364624], [0.0, 0.0, 0.0], [0.0, 0.0, 0.0], [91.4415054321289, 71.12879180908203, 0.3177183270454407], [91.76702117919922, 83.7044448852539, 0.10565298795700073], [84.67345428466797, 84.01815795898438, 0.05812358111143112], [78.21785736083984, 88.86151885986328, 0.0559108667075634], [71.76974487304688, 88.21699523925781, 0.05607343465089798], [0.0, 0.0, 0.0], [0.0, 0.0, 0.0], [84.34596252441406, 90.15118408203125, 0.059764206409454346], [0.0, 0.0, 0.0], [0.0, 0.0, 0.0], [80.1600570678711, 58.21786117553711, 0.2609129250049591], [83.70565032958984, 58.23405075073242, 0.340791255235672], [78.21501159667969, 58.87879943847656, 0.08010559529066086], [87.25453186035156, 60.809425354003906, 0.4142231345176697], [0.0, 0.0, 0.0], [0.0, 0.0, 0.0], [0.0, 0.0, 0.0], [0.0, 0.0, 0.0], [0.0, 0.0, 0.0], [0.0, 0.0, 0.0]]], "time_stamps": [2.3775291442871094, 5.702987432479858]}